{
  "name": "ember-select-2",
  "dependencies": {
    "ember": "1.11.1",
    "ember-cli-shims": "ember-cli/ember-cli-shims#0.0.3",
    "ember-cli-test-loader": "ember-cli-test-loader#0.1.3",
    "ember-data": "1.0.0-beta.16.1",
    "ember-load-initializers": "ember-cli/ember-load-initializers#0.1.4",
    "ember-qunit": "0.3.1",
    "ember-qunit-notifications": "0.0.7",
    "ember-resolver": "~0.1.15",
    "jquery": "^1.11.1",
    "loader.js": "ember-cli/loader.js#3.2.0",
    "qunit": "~1.17.1",
    "boxuk": "https://raw.githubusercontent.com/daylerees/colour-schemes/master/highlightjs/boxuk.css",
    "sinon": "http://sinonjs.org/releases/sinon-1.12.1.js"
  },
  "devDependencies": {
    "select2": "~3.5.1",
    "bootstrap": "~3.2.0",
    "select2-bootstrap": "~1.3.0",
    "highlightjs": "~8.3.0"
  },
  "homepage": "https://github.com/iStefo/ember-select-2",
  "_release": "42e4376133",
  "_resolution": {
    "type": "branch",
    "branch": "master",
    "commit": "42e43761337e69a6387baeac5b1cf5735149acca"
  },
  "_source": "https://github.com/iStefo/ember-select-2.git",
  "_target": "*",
  "_originalSource": "select-2"
}