{
  "name": "angular-messages",
  "version": "1.6.4",
  "license": "MIT",
  "main": "./angular-messages.js",
  "ignore": [],
  "dependencies": {
    "angular": "1.6.4"
  },
  "homepage": "https://github.com/angular/bower-angular-messages",
  "_release": "1.6.4",
  "_resolution": {
    "type": "version",
    "tag": "v1.6.4",
    "commit": "85d6be93b8a9495acf0a88ba1874cfcf8f19ccff"
  },
  "_source": "https://github.com/angular/bower-angular-messages.git",
  "_target": "1.6.4",
  "_originalSource": "angular-messages"
}