{
  "name": "select",
  "version": "1.1.2",
  "description": "Programmatically select the text of a HTML element",
  "license": "MIT",
  "main": "dist/select.js",
  "keywords": [
    "range",
    "select",
    "selecting",
    "selection"
  ],
  "homepage": "https://github.com/zenorocha/select",
  "_release": "1.1.2",
  "_resolution": {
    "type": "version",
    "tag": "v1.1.2",
    "commit": "53e4a21d674cdfb09026e0474d95dc3779e7ff4a"
  },
  "_source": "https://github.com/zenorocha/select.git",
  "_target": "1.1.2",
  "_originalSource": "select"
}