{
  "name": "ember-resolver",
  "version": "0.1.21",
  "license": "MIT",
  "main": [
    "dist/ember-resolver.js",
    "dist/ember-resolver.prod.js",
    "dist/ember-resolver.min.js"
  ],
  "ignore": [
    ".jshintrc",
    "**/*.txt",
    ".gitignore",
    ".jshintrc",
    ".travis.yml",
    "Assetfile",
    "Gemfile",
    "Gemfile.lock",
    "LICENSE",
    "README.md",
    "Rakefile",
    "VERSION",
    "bower.json",
    "config.ru",
    "ember-dev.yml",
    "generators",
    "packages",
    "tests"
  ],
  "dependencies": {
    "ember": " > 1.5.0-beta.3"
  },
  "homepage": "https://github.com/stefanpenner/ember-jj-abrams-resolver",
  "_release": "0.1.21",
  "_resolution": {
    "type": "version",
    "tag": "v0.1.21",
    "commit": "ff6fba43dcb59dd24d8b99e1fce965047616a275"
  },
  "_source": "https://github.com/stefanpenner/ember-jj-abrams-resolver.git",
  "_target": "~0.1.15",
  "_originalSource": "ember-resolver"
}