{
  "name": "angular-route",
  "version": "1.6.4",
  "license": "MIT",
  "main": "./angular-route.js",
  "ignore": [],
  "dependencies": {
    "angular": "1.6.4"
  },
  "homepage": "https://github.com/angular/bower-angular-route",
  "_release": "1.6.4",
  "_resolution": {
    "type": "version",
    "tag": "v1.6.4",
    "commit": "9c94b8cdfbd050b7dfd83a7cc019ebaed1825018"
  },
  "_source": "https://github.com/angular/bower-angular-route.git",
  "_target": "1.6.4",
  "_originalSource": "angular-route"
}