{
  "name": "loader.js",
  "main": "loader.js",
  "version": "3.2.0",
  "homepage": "https://github.com/ember-cli/loader.js",
  "authors": [
    "Stefan Penner <stefan.penner@gmail.com>"
  ],
  "license": "MIT",
  "ignore": [
    "**/.*",
    "node_modules",
    "bower_components",
    "test",
    "tests"
  ],
  "devDependencies": {
    "qunit": "~1.14.0"
  },
  "_release": "3.2.0",
  "_resolution": {
    "type": "version",
    "tag": "v3.2.0",
    "commit": "b29ae21ac294801b86e39987ffc8df3f42080380"
  },
  "_source": "git://github.com/ember-cli/loader.js.git",
  "_target": "3.2.0",
  "_originalSource": "ember-cli/loader.js"
}