{
  "name": "qunit",
  "main": [
    "qunit/qunit.js",
    "qunit/qunit.css"
  ],
  "license": "https://github.com/jquery/qunit/blob/master/LICENSE.txt",
  "ignore": [
    "**/.*",
    "!LICENSE.txt",
    "package.json",
    "Gruntfile.js",
    "node_modules",
    "test"
  ],
  "version": "1.17.1",
  "homepage": "https://github.com/jquery/qunit",
  "_release": "1.17.1",
  "_resolution": {
    "type": "version",
    "tag": "1.17.1",
    "commit": "08173d004fe5cc9308d85d6044690a3ab4cd65bf"
  },
  "_source": "https://github.com/jquery/qunit.git",
  "_target": "~1.17.1",
  "_originalSource": "qunit"
}