{
  "name": "api-check",
  "homepage": "https://github.com/kentcdodds/apiCheck.js",
  "authors": [
    "Kent C. Dodds <kent@doddsfamily.us> (http://kent.doddsfamily.us)"
  ],
  "description": "Validate the api to your functions to help people use them correctly. This is pretty much React's propTypes without React.",
  "main": "dist/api-check.js",
  "moduleType": [
    "amd",
    "globals",
    "node"
  ],
  "keywords": [
    "javascript",
    "validation",
    "api",
    "function"
  ],
  "license": "MIT",
  "ignore": [
    ".idea",
    "other",
    ".editorconfig",
    ".travis.yml",
    ".eslintrc",
    "src",
    "webpack.config.js",
    "webpack.config.minify.js"
  ],
  "version": "7.5.5",
  "_release": "7.5.5",
  "_resolution": {
    "type": "version",
    "tag": "v7.5.5",
    "commit": "353f3afc60d7ca75b344807c4e8abb660b05b500"
  },
  "_source": "https://github.com/kentcdodds/apiCheck.js.git",
  "_target": "^7.0.0",
  "_originalSource": "api-check"
}