{
  "name": "angular-formly",
  "authors": [
    "Astrism <astrisms@gmail.com>"
  ],
  "contributors": [
    "Astrism <astrisms@gmail.com>",
    "Kent C. Dodds <kent@doddsfamily.us>"
  ],
  "main": "dist/formly.js",
  "description": "AngularJS directive which takes JSON representing a form and renders to HTML",
  "keywords": [
    "AngularJs",
    "form",
    "formly",
    "json",
    "html"
  ],
  "license": "MIT",
  "ignore": [
    "node_modules",
    "tests",
    "local-examples",
    ".editorconfig",
    ".gitignore",
    ".eslintrc",
    ".npmignore",
    ".travis.yml",
    "CONTRIBUTING.md",
    "karma.conf.js",
    "src",
    "webpack.config.js",
    "coverage",
    "other",
    ".test",
    "scripts"
  ],
  "dependencies": {
    "angular": "^1.2.x",
    "api-check": "^7.0.0"
  },
  "homepage": "https://github.com/formly-js/angular-formly",
  "version": "8.4.1",
  "_release": "8.4.1",
  "_resolution": {
    "type": "version",
    "tag": "v8.4.1",
    "commit": "60eb83c6bc146d068b7766348bf3e0c29958cf22"
  },
  "_source": "https://github.com/formly-js/angular-formly.git",
  "_target": "8.4.1",
  "_originalSource": "angular-formly"
}