{
  "name": "ember-data",
  "version": "1.0.0-beta.16.1",
  "main": "ember-data.js",
  "dependencies": {
    "ember": ">= 1.8.1 < 2.0.0"
  },
  "ignore": [
    "**/*_configuration.js",
    "ember-data-setup.js",
    "docs",
    "**/*.html"
  ],
  "homepage": "https://github.com/components/ember-data",
  "_release": "1.0.0-beta.16.1",
  "_resolution": {
    "type": "version",
    "tag": "1.0.0-beta.16.1",
    "commit": "7aa1e2353752ddd44e472ccdc0e93442803577d3"
  },
  "_source": "https://github.com/components/ember-data.git",
  "_target": "1.0.0-beta.16.1",
  "_originalSource": "ember-data"
}