{
  "name": "ember-qunit-notifications",
  "homepage": "https://github.com/dockyard/ember-qunit-notifications",
  "authors": [
    "Brian Cardarella <bcardarella@gmail.com>"
  ],
  "description": "Tomster-ified qunit-notifications",
  "main": "index.js",
  "license": "MIT",
  "ignore": [
    "**/.*",
    "node_modules",
    "bower_components",
    "test",
    "tests"
  ],
  "dependencies": {
    "qunit-notifications": "~0.0.6"
  },
  "version": "0.0.7",
  "_release": "0.0.7",
  "_resolution": {
    "type": "version",
    "tag": "v0.0.7",
    "commit": "d859e8cfa57ddcb87229820b1d4121bb0f3e26a1"
  },
  "_source": "https://github.com/dockyard/ember-qunit-notifications.git",
  "_target": "0.0.7",
  "_originalSource": "ember-qunit-notifications"
}